email,membersince
gbessie@yahoo.com,2013-09-18
eatherton@icloud.com,2013-09-18
rene.s@fastmail.com,2013-09-17
wderwin57@hotmail.com,2013-09-15
srosemary@icloud.com,2013-09-15
ryan_c1@gmail.com,2013-09-14
m.savoie@aol.com,2013-09-14
schwabc@aol.com,2013-09-14
boss.c@icloud.com,2013-09-12
l.sampson@zoho.com,2013-09-12
stroughter.s@mail.com,2013-09-11
lang.d95@mail.com,2013-09-11
s.reed@aol.com,2013-09-10
b_donald@mail.com,2013-09-08
f.vi√±a53@mail.com,2013-09-08
wilhelm_r@yahoo.com,2013-09-06
john.y90@mail.com,2013-09-05
sydney_c@icloud.com,2013-09-02
l.lisa12@mail.com,2013-09-02
campbell_b46@gmail.com,2013-08-31
rowland_o25@gmail.com,2013-08-30
t_david@hotmail.com,2013-08-30
l.brandon@fastmail.com,2013-08-29
a.lane@zoho.com,2013-08-29
dale_b@gmail.com,2013-08-28
spitz.m@yahoo.com,2013-08-28
sylviaf61@icloud.com,2013-08-27
s_atkinson@mail.com,2013-08-27
margiek@gmail.com,2013-08-26
violak99@mail.com,2013-08-24
kathym@outlook.com,2013-08-24
thomas.d@aol.com,2013-08-22
richard.r@mail.com,2013-08-22
lmarjorie54@icloud.com,2013-08-22
a_mullins@yahoo.com,2013-08-21
sehornj@mail.com,2013-08-21
bellis@gmail.com,2013-08-21
htoby@mail.com,2013-08-20
ndorris@gmail.com,2013-08-20
rtammy94@hotmail.com,2013-08-19
dbunz34@zoho.com,2013-08-19
g.coffin@fastmail.com,2013-08-19
b_major42@mail.com,2013-08-18
c.bobby38@mail.com,2013-08-18
michel_e@aol.com,2013-08-16
loreto_g@mail.com,2013-08-16
edillow@gmail.com,2013-08-16
tyson.g@fastmail.com,2013-08-14
greg_v98@gmail.com,2013-08-13
rreggie@fastmail.com,2013-08-13
w_vance@yahoo.com,2013-08-10
doanep30@zoho.com,2013-08-09
price_h@mail.com,2013-08-09
lee.g@icloud.com,2013-08-07
m_lincoln@fastmail.com,2013-08-04
m_dungey@mail.com,2013-08-04
lobo.e@yahoo.com,2013-08-03
e_thomas27@icloud.com,2013-08-03
b_clancy@zoho.com,2013-08-03
fulks.o81@fastmail.com,2013-08-02
jennings_a@hotmail.com,2013-08-01
carmazzig@icloud.com,2013-07-31
r.keegan80@mail.com,2013-07-30
o'brienk@hotmail.com,2013-07-29
scottb26@outlook.com,2013-07-28
kathyr@gmail.com,2013-07-28
b_carvajal95@icloud.com,2013-07-27
b_timothy@hotmail.com,2013-07-27
aswofford@gmail.com,2013-07-27
brianh@icloud.com,2013-07-27
nataliez@mail.com,2013-07-26
jardine.e35@mail.com,2013-07-25
casiano.r@outlook.com,2013-07-23
anneb@icloud.com,2013-07-22
srussell@yahoo.com,2013-07-20
oliver_h@hotmail.com,2013-07-20
ricky_r@mail.com,2013-07-20
sabrinab2@fastmail.com,2013-07-19
chambers.l@outlook.com,2013-07-19
h_ian@mail.com,2013-07-19
bowa.l@icloud.com,2013-07-18
j_blauser85@hotmail.com,2013-07-18
b_levar@mail.com,2013-07-17
m.dale@outlook.com,2013-07-15
j_hand@icloud.com,2013-07-15
n_watney32@gmail.com,2013-07-14
skort@zoho.com,2013-07-14
m.thomas89@gmail.com,2013-07-14
d.hillman65@gmail.com,2013-07-13
c.davis@icloud.com,2013-07-12
karen.k@aol.com,2013-07-11
jbush@fastmail.com,2013-07-11
g_renee59@yahoo.com,2013-07-11
c_chaquico31@icloud.com,2013-07-09
m_theresa83@mail.com,2013-07-05
v.alfred@mail.com,2013-07-03
ssanders34@hotmail.com,2013-07-01
e_slone@gmail.com,2013-07-01
johnv@mail.com,2013-06-29
hughes.j74@mail.com,2013-06-29
